filename,object_location,image_small,image_thumb
jp1.jpg,/objects/jp1.jpg,/objects/small/jp1_sm.jpg,/objects/thumbs/jp1_th.jpg
jp10.jpg,/objects/jp10.jpg,/objects/small/jp10_sm.jpg,/objects/thumbs/jp10_th.jpg
jp11.jpg,/objects/jp11.jpg,/objects/small/jp11_sm.jpg,/objects/thumbs/jp11_th.jpg
jp12.jpg,/objects/jp12.jpg,/objects/small/jp12_sm.jpg,/objects/thumbs/jp12_th.jpg
jp13.jpg,/objects/jp13.jpg,/objects/small/jp13_sm.jpg,/objects/thumbs/jp13_th.jpg
jp14.jpg,/objects/jp14.jpg,/objects/small/jp14_sm.jpg,/objects/thumbs/jp14_th.jpg
jp15.jpg,/objects/jp15.jpg,/objects/small/jp15_sm.jpg,/objects/thumbs/jp15_th.jpg
jp16.jpg,/objects/jp16.jpg,/objects/small/jp16_sm.jpg,/objects/thumbs/jp16_th.jpg
jp17.jpg,/objects/jp17.jpg,/objects/small/jp17_sm.jpg,/objects/thumbs/jp17_th.jpg
jp19.jpg,/objects/jp19.jpg,/objects/small/jp19_sm.jpg,/objects/thumbs/jp19_th.jpg
jp2.jpg,/objects/jp2.jpg,/objects/small/jp2_sm.jpg,/objects/thumbs/jp2_th.jpg
jp20.jpg,/objects/jp20.jpg,/objects/small/jp20_sm.jpg,/objects/thumbs/jp20_th.jpg
jp21.jpg,/objects/jp21.jpg,/objects/small/jp21_sm.jpg,/objects/thumbs/jp21_th.jpg
jp22.jpg,/objects/jp22.jpg,/objects/small/jp22_sm.jpg,/objects/thumbs/jp22_th.jpg
jp23.jpg,/objects/jp23.jpg,/objects/small/jp23_sm.jpg,/objects/thumbs/jp23_th.jpg
jp24.jpg,/objects/jp24.jpg,/objects/small/jp24_sm.jpg,/objects/thumbs/jp24_th.jpg
jp25.jpg,/objects/jp25.jpg,/objects/small/jp25_sm.jpg,/objects/thumbs/jp25_th.jpg
jp26.jpg,/objects/jp26.jpg,/objects/small/jp26_sm.jpg,/objects/thumbs/jp26_th.jpg
jp27.jpg,/objects/jp27.jpg,/objects/small/jp27_sm.jpg,/objects/thumbs/jp27_th.jpg
jp28.jpg,/objects/jp28.jpg,/objects/small/jp28_sm.jpg,/objects/thumbs/jp28_th.jpg
jp29.jpg,/objects/jp29.jpg,/objects/small/jp29_sm.jpg,/objects/thumbs/jp29_th.jpg
jp3.jpg,/objects/jp3.jpg,/objects/small/jp3_sm.jpg,/objects/thumbs/jp3_th.jpg
jp30.jpg,/objects/jp30.jpg,/objects/small/jp30_sm.jpg,/objects/thumbs/jp30_th.jpg
jp31.jpg,/objects/jp31.jpg,/objects/small/jp31_sm.jpg,/objects/thumbs/jp31_th.jpg
jp32.jpg,/objects/jp32.jpg,/objects/small/jp32_sm.jpg,/objects/thumbs/jp32_th.jpg
jp33.jpg,/objects/jp33.jpg,/objects/small/jp33_sm.jpg,/objects/thumbs/jp33_th.jpg
jp34.jpg,/objects/jp34.jpg,/objects/small/jp34_sm.jpg,/objects/thumbs/jp34_th.jpg
jp35.jpg,/objects/jp35.jpg,/objects/small/jp35_sm.jpg,/objects/thumbs/jp35_th.jpg
jp36.jpg,/objects/jp36.jpg,/objects/small/jp36_sm.jpg,/objects/thumbs/jp36_th.jpg
jp37.jpg,/objects/jp37.jpg,/objects/small/jp37_sm.jpg,/objects/thumbs/jp37_th.jpg
jp38.jpg,/objects/jp38.jpg,/objects/small/jp38_sm.jpg,/objects/thumbs/jp38_th.jpg
jp39.jpg,/objects/jp39.jpg,/objects/small/jp39_sm.jpg,/objects/thumbs/jp39_th.jpg
jp4.jpg,/objects/jp4.jpg,/objects/small/jp4_sm.jpg,/objects/thumbs/jp4_th.jpg
jp40.jpg,/objects/jp40.jpg,/objects/small/jp40_sm.jpg,/objects/thumbs/jp40_th.jpg
jp41.jpg,/objects/jp41.jpg,/objects/small/jp41_sm.jpg,/objects/thumbs/jp41_th.jpg
jp42.jpg,/objects/jp42.jpg,/objects/small/jp42_sm.jpg,/objects/thumbs/jp42_th.jpg
jp43.jpg,/objects/jp43.jpg,/objects/small/jp43_sm.jpg,/objects/thumbs/jp43_th.jpg
jp44.jpg,/objects/jp44.jpg,/objects/small/jp44_sm.jpg,/objects/thumbs/jp44_th.jpg
jp45.jpg,/objects/jp45.jpg,/objects/small/jp45_sm.jpg,/objects/thumbs/jp45_th.jpg
jp46.jpg,/objects/jp46.jpg,/objects/small/jp46_sm.jpg,/objects/thumbs/jp46_th.jpg
jp47.jpg,/objects/jp47.jpg,/objects/small/jp47_sm.jpg,/objects/thumbs/jp47_th.jpg
jp48.jpg,/objects/jp48.jpg,/objects/small/jp48_sm.jpg,/objects/thumbs/jp48_th.jpg
jp49.jpg,/objects/jp49.jpg,/objects/small/jp49_sm.jpg,/objects/thumbs/jp49_th.jpg
jp5.jpg,/objects/jp5.jpg,/objects/small/jp5_sm.jpg,/objects/thumbs/jp5_th.jpg
jp50.jpg,/objects/jp50.jpg,/objects/small/jp50_sm.jpg,/objects/thumbs/jp50_th.jpg
jp51.jpg,/objects/jp51.jpg,/objects/small/jp51_sm.jpg,/objects/thumbs/jp51_th.jpg
jp52.jpg,/objects/jp52.jpg,/objects/small/jp52_sm.jpg,/objects/thumbs/jp52_th.jpg
jp53.jpg,/objects/jp53.jpg,/objects/small/jp53_sm.jpg,/objects/thumbs/jp53_th.jpg
jp54.jpg,/objects/jp54.jpg,/objects/small/jp54_sm.jpg,/objects/thumbs/jp54_th.jpg
jp55.jpg,/objects/jp55.jpg,/objects/small/jp55_sm.jpg,/objects/thumbs/jp55_th.jpg
jp56.jpg,/objects/jp56.jpg,/objects/small/jp56_sm.jpg,/objects/thumbs/jp56_th.jpg
jp57.jpg,/objects/jp57.jpg,/objects/small/jp57_sm.jpg,/objects/thumbs/jp57_th.jpg
jp58.jpg,/objects/jp58.jpg,/objects/small/jp58_sm.jpg,/objects/thumbs/jp58_th.jpg
jp59.jpg,/objects/jp59.jpg,/objects/small/jp59_sm.jpg,/objects/thumbs/jp59_th.jpg
jp6.jpg,/objects/jp6.jpg,/objects/small/jp6_sm.jpg,/objects/thumbs/jp6_th.jpg
jp7.jpg,/objects/jp7.jpg,/objects/small/jp7_sm.jpg,/objects/thumbs/jp7_th.jpg
jp8.jpg,/objects/jp8.jpg,/objects/small/jp8_sm.jpg,/objects/thumbs/jp8_th.jpg
jp9.jpg,/objects/jp9.jpg,/objects/small/jp9_sm.jpg,/objects/thumbs/jp9_th.jpg
